{"ID":"74","CODE":"crminternetmagazin","INITIATOR_APP_CODE":null,"RULE":null,"ACTIVE":"Y","DELETED":"N","PUBLIC":"N","SYS":"N","VIEWS":"1","TITLE":"\u0421\u041a\u0418\u041f\u0410\u0421\u0421\u042b \u041a\u0420\u0410\u0421\u041d\u0410\u042f \u041f\u041e\u041b\u042f\u041d\u0410","XML_ID":"CRM + \u0418\u043d\u0442\u0435\u0440\u043d\u0435\u0442-\u043c\u0430\u0433\u0430\u0437\u0438\u043d|store_v3\/mainpage","DESCRIPTION":null,"TPL_ID":"13","TPL_CODE":"store_v3\/mainpage","SITE_ID":"10","SITEMAP":"N","FOLDER":"N","FOLDER_ID":null,"SEARCH_CONTENT":"\u0421\u041a\u0418\u041f\u0410\u0421\u0421\u042b \u041a\u0420\u0410\u0421\u041d\u0410\u042f \u041f\u041e\u041b\u042f\u041d\u0410","VERSION":"11","HISTORY_STEP":"21","CREATED_BY_ID":"1","MODIFIED_BY_ID":"1","DATE_CREATE":"26.07.2023 17:18:33","DATE_MODIFY":"27.07.2023 10:35:23","DATE_PUBLIC":"27.07.2023 10:32:14","ADDITIONAL_FIELDS":{"METAMAIN_USE":"N","METAMAIN_TITLE":"\u0421\u041a\u0418\u041f\u0410\u0421\u0421\u042b \u041a\u0420\u0410\u0421\u041d\u0410\u042f \u041f\u041e\u041b\u042f\u041d\u0410","METAROBOTS_INDEX":"Y","VIEW_USE":"N","VIEW_TYPE":"no","B24BUTTON_USE":"N","B24BUTTON_CODE":"N","B24BUTTON_COLOR":"site","B24BUTTON_COLOR_VALUE":"#03c1fe","FONTS_CODE":"\u003Cnoscript\u003E\u003Clink rel=\u0022stylesheet\u0022 href=\u0022https:\/\/fonts.bitrix24.ru\/css2?family=PT+Serif:wght@100;200;300;400;500;600;700;800;900\u0022 data-font=\u0022g-font-pt-serif\u0022\u003E\u003C\/noscript\u003E\r\n\u003Clink rel=\u0022preload\u0022 href=\u0022https:\/\/fonts.bitrix24.ru\/css2?family=PT+Serif:wght@100;200;300;400;500;600;700;800;900\u0022 data-font=\u0022g-font-pt-serif\u0022 onl oad=\u0022this.removeAttribute(\u0027onload\u0027);this.rel=\u0027stylesheet\u0027\u0022 as=\u0022style\u0022\u003E\r\n\u003Cstyle data-id=\u0022g-font-pt-serif\u0022\u003E.g-font-pt-serif { font-family: \u0022PT Serif\u0022, serif; }\u003C\/style\u003E","METAOG_TITLE":"\u0421\u041a\u0418\u041f\u0410\u0421\u0421\u042b \u041a\u0420\u0410\u0421\u041d\u0410\u042f \u041f\u041e\u041b\u042f\u041d\u0410","METAOG_IMAGE":"1044","YACOUNTER_USE":"N","GACOUNTER_USE":"N","GACOUNTER_CLICK_TYPE":"text","GACOUNTER_SEND_SHOW":"N","PIXELVK_USE":"N","GTM_USE":"N","CSSBLOCK_USE":"N","HEADBLOCK_USE":"N"},"TEMPLATE_REF":{"1":"80","2":"76","3":"82"},"BLOCKS":{"552":{"code":"store.catalog.detail_store_v3","old_id":552,"access":"X","anchor":"b552","meta":{"LID":"74","FAVORITE_META":[],"CREATED_BY_ID":"1","DATE_CREATE":{},"MODIFIED_BY_ID":"1","DATE_MODIFY":{},"SITE_TYPE":"STORE","LANDING_TITLE":"","LANDING_TPL_CODE":"store_v3\/mainpage","SITE_TPL_CODE":"store_v3","XML_ID":"","DESIGNER_MODE":false},"nodes":{"bitrix:catalog.element":{"ELEMENT_ID":"","ALLOW_SEO_DATA":"Y","HIDE_NOT_AVAILABLE_OFFERS":"N","PRICE_CODE":["BASE"],"USE_PRICE_COUNT":"N","SHOW_PRICE_COUNT":1,"PRICE_VAT_INCLUDE":"Y","USE_PRODUCT_QUANTITY":"Y","SHOW_DISCOUNT_PERCENT":"Y","SHOW_OLD_PRICE":"Y","ADD_TO_BASKET_ACTION":["BUY"],"MESS_BTN_BUY":"","MESS_BTN_ADD_TO_BASKET":"","MESS_BTN_SUBSCRIBE":"","MESS_NOT_AVAILABLE":"","USE_ENHANCED_ECOMMERCE":"N","DATA_LAYER_NAME":"dataLayer","LABEL_PROP_POSITION":"top-left","DISCOUNT_PERCENT_POSITION":"bottom-right","PRODUCT_INFO_BLOCK_ORDER":["props","sku"]},".landing-block-node-title":[]},"style":{"#wrapper":{"classList":["landing-block container-fluid"]}}}}}