{"ID":"86","CODE":"tekhnicheskiestranitsy","INITIATOR_APP_CODE":null,"RULE":null,"ACTIVE":"Y","DELETED":"N","PUBLIC":"N","SYS":"N","VIEWS":"0","TITLE":"\u0422\u0435\u0445\u043d\u0438\u0447\u0435\u0441\u043a\u0438\u0435 \u0441\u0442\u0440\u0430\u043d\u0438\u0446\u044b","XML_ID":"\u0422\u0435\u0445\u043d\u0438\u0447\u0435\u0441\u043a\u0438\u0435 \u0441\u0442\u0440\u0430\u043d\u0438\u0446\u044b|store_v3\/technicalpages","DESCRIPTION":null,"TPL_ID":null,"TPL_CODE":"store_v3\/technicalpages","SITE_ID":"10","SITEMAP":"N","FOLDER":"N","FOLDER_ID":"8","SEARCH_CONTENT":"\u0422\u0435\u0445\u043d\u0438\u0447\u0435\u0441\u043a\u0438\u0435 \u0441\u0442\u0440\u0430\u043d\u0438\u0446\u044b","VERSION":"11","HISTORY_STEP":"10","CREATED_BY_ID":"1","MODIFIED_BY_ID":"1","DATE_CREATE":"26.07.2023 17:18:34","DATE_MODIFY":"27.07.2023 10:35:23","DATE_PUBLIC":"27.07.2023 10:31:30","ADDITIONAL_FIELDS":{"METAOG_TITLE":"\u0422\u0435\u0445\u043d\u0438\u0447\u0435\u0441\u043a\u0438\u0435 \u0441\u0442\u0440\u0430\u043d\u0438\u0446\u044b","METAOG_IMAGE":"1042"},"TEMPLATE_REF":[],"BLOCKS":[]}