{"ID":"98","CODE":"oformleniezakaza","INITIATOR_APP_CODE":null,"RULE":null,"ACTIVE":"Y","DELETED":"N","PUBLIC":"N","SYS":"N","VIEWS":"1","TITLE":"\u041e\u0444\u043e\u0440\u043c\u043b\u0435\u043d\u0438\u0435 \u0437\u0430\u043a\u0430\u0437\u0430","XML_ID":"\u041e\u0444\u043e\u0440\u043c\u043b\u0435\u043d\u0438\u0435 \u0437\u0430\u043a\u0430\u0437\u0430|store_v3\/checkout","DESCRIPTION":null,"TPL_ID":"9","TPL_CODE":"store_v3\/checkout","SITE_ID":"10","SITEMAP":"N","FOLDER":"N","FOLDER_ID":null,"SEARCH_CONTENT":"\u041e\u0444\u043e\u0440\u043c\u043b\u0435\u043d\u0438\u0435 \u0437\u0430\u043a\u0430\u0437\u0430","VERSION":"11","HISTORY_STEP":"0","CREATED_BY_ID":"1","MODIFIED_BY_ID":"1","DATE_CREATE":"26.07.2023 17:18:35","DATE_MODIFY":"27.07.2023 10:35:23","DATE_PUBLIC":"26.07.2023 17:18:37","ADDITIONAL_FIELDS":{"METAMAIN_USE":"N","METAMAIN_TITLE":"\u041e\u0444\u043e\u0440\u043c\u043b\u0435\u043d\u0438\u0435 \u0437\u0430\u043a\u0430\u0437\u0430","METAROBOTS_INDEX":"Y","VIEW_USE":"N","VIEW_TYPE":"no","B24BUTTON_USE":"N","B24BUTTON_CODE":"N","B24BUTTON_COLOR":"site","B24BUTTON_COLOR_VALUE":"#03c1fe","METAOG_TITLE":"\u041e\u0444\u043e\u0440\u043c\u043b\u0435\u043d\u0438\u0435 \u0437\u0430\u043a\u0430\u0437\u0430","METAOG_IMAGE":"1048","YACOUNTER_USE":"N","GACOUNTER_USE":"N","GACOUNTER_CLICK_TYPE":"text","GACOUNTER_SEND_SHOW":"N","PIXELVK_USE":"N","GTM_USE":"N","CSSBLOCK_USE":"N","HEADBLOCK_USE":"N"},"TEMPLATE_REF":{"1":"78","2":"82"},"BLOCKS":{"440":{"code":"52.5.link_back","old_id":440,"access":"X","anchor":"b440","meta":{"LID":"98","FAVORITE_META":[],"CREATED_BY_ID":"1","DATE_CREATE":{},"MODIFIED_BY_ID":"1","DATE_MODIFY":{},"SITE_TYPE":"STORE","LANDING_TITLE":"","LANDING_TPL_CODE":"store_v3\/checkout","SITE_TPL_CODE":"store_v3","XML_ID":"43bc2d0wri","DESIGNER_MODE":false},"nodes":{".landing-block-node-title":["\u041d\u0430\u0437\u0430\u0434"],"#wrapper":[{"src":"","src2x":"","id":null,"id2x":null,"alt":"","isLazy":"N"}]},"style":{".landing-block-node-title":{"classList":["landing-block-node-title text-left g-ma-0 g-font-size-17 g-font-weight-400 g-font-roboto d-block g-nowrap g-overflow-hidden g-text-overflow-ellipsis"]},"#wrapper":{"classList":["landing-block g-bg-white l-d-xs-none l-d-md-none"]}}},"442":{"code":"27.3.one_col_fix_title","old_id":442,"access":"X","anchor":"b442","meta":{"LID":"98","FAVORITE_META":[],"CREATED_BY_ID":"1","DATE_CREATE":{},"MODIFIED_BY_ID":"1","DATE_MODIFY":{},"SITE_TYPE":"STORE","LANDING_TITLE":"","LANDING_TPL_CODE":"store_v3\/checkout","SITE_TPL_CODE":"store_v3","XML_ID":"wubd8if8oy","DESIGNER_MODE":false},"nodes":{".landing-block-node-title":["#title#"],"#wrapper":[{"src":"","src2x":"","id":null,"id2x":null,"alt":"","isLazy":"N"}]},"style":{".landing-block-node-title":{"classList":["landing-block-node-title landing-semantic-title-medium g-my-0 container g-pl-0 g-pr-0 text-left g-font-size-30 g-font-weight-500"]},"#wrapper":{"classList":["landing-block text-center container g-pb-25 g-pt-0 l-d-xs-none l-d-md-none"]}}},"444":{"code":"store.order_store_v3","old_id":444,"access":"W","anchor":"b444","meta":{"LID":"98","FAVORITE_META":[],"CREATED_BY_ID":"1","DATE_CREATE":{},"MODIFIED_BY_ID":"1","DATE_MODIFY":{},"SITE_TYPE":"STORE","LANDING_TITLE":"","LANDING_TPL_CODE":"store_v3\/checkout","SITE_TPL_CODE":"store_v3","XML_ID":"fk9qgrixj8","DESIGNER_MODE":false},"nodes":{"bitrix:sale.order.checkout":{"SHOW_RETURN_BUTTON":""}},"style":{"#wrapper":{"classList":["landing-block g-bg-white g-pt-0 g-pb-0"]}}}}}