{"ID":"76","CODE":"saydbar","INITIATOR_APP_CODE":null,"RULE":null,"ACTIVE":"Y","DELETED":"N","PUBLIC":"N","SYS":"N","VIEWS":"0","TITLE":"\u0421\u0430\u0439\u0434\u0431\u0430\u0440","XML_ID":"\u0421\u0430\u0439\u0434\u0431\u0430\u0440|store_v3\/sidebar","DESCRIPTION":null,"TPL_ID":null,"TPL_CODE":"store_v3\/sidebar","SITE_ID":"10","SITEMAP":"N","FOLDER":"N","FOLDER_ID":"8","SEARCH_CONTENT":"\u0421\u0430\u0439\u0434\u0431\u0430\u0440","VERSION":"11","HISTORY_STEP":"20","CREATED_BY_ID":"1","MODIFIED_BY_ID":"1","DATE_CREATE":"26.07.2023 17:18:34","DATE_MODIFY":"27.07.2023 10:35:23","DATE_PUBLIC":"26.07.2023 18:48:36","ADDITIONAL_FIELDS":{"BACKGROUND_USE":"Y","BACKGROUND_COLOR":"#ffffff"},"TEMPLATE_REF":[],"BLOCKS":{"362":{"code":"store.menu_sidebar","old_id":362,"access":"X","anchor":"b362","meta":{"LID":"76","FAVORITE_META":[],"CREATED_BY_ID":"1","DATE_CREATE":{},"MODIFIED_BY_ID":"1","DATE_MODIFY":{},"SITE_TYPE":"STORE","LANDING_TITLE":"","LANDING_TPL_CODE":"store_v3\/sidebar","SITE_TPL_CODE":"store_v3","XML_ID":"war6kwfmgz","DESIGNER_MODE":false},"cards":{".landing-block-node-section-menu-item":{"source":[{"value":1,"type":"card"}]},".landing-block-node-section-menu-item-custom":{"source":[{"value":1,"type":"card"},{"value":1,"type":"card"},{"value":1,"type":"card"}]}},"nodes":{".landing-block-node-menu-link":[{"href":"#landing@landing[store_v3\/mainpage]","target":"_self","attrs":{"data-embed":null,"data-url":null},"text":"\u0413\u043b\u0430\u0432\u043d\u0430\u044f"}],".landing-block-node-menu-link-custom":[{"href":"page:#landing88","target":"_self","attrs":{"data-embed":null,"data-url":null},"text":"\u0421\u043a\u0438\u043f\u0430\u0441\u0441\u044b"},{"href":"block:#block400","target":"_self","attrs":{"data-embed":null,"data-url":null},"text":"\u041a\u043e\u043d\u0442\u0430\u043a\u0442\u044b"},{"href":"block:#block424","target":"_self","attrs":{"data-embed":null,"data-url":null},"text":"\u0414\u043e\u0441\u0442\u0430\u0432\u043a\u0430 \u0438 \u043e\u043f\u043b\u0430\u0442\u0430"}]},"style":{".landing-block-node-menu-link-custom":{"classList":["landing-block-node-menu-link-custom g-text-decoration-none--hover g-color-black-opacity-0_5 g-color-black-opacity-0_7--hover","landing-block-node-menu-link-custom g-text-decoration-none--hover g-color-black-opacity-0_5 g-color-black-opacity-0_7--hover","landing-block-node-menu-link-custom g-text-decoration-none--hover g-color-black-opacity-0_5 g-color-black-opacity-0_7--hover"]},"#wrapper":{"classList":["landing-block container landing-semantic-background-color g-bg-white landing-block-node-navbar g-pt-6 l-d-xs-none"]}}}}}