{"ID":"84","CODE":"kartochkatovarov","INITIATOR_APP_CODE":null,"RULE":"(item)\/([^\/]+)","ACTIVE":"Y","DELETED":"N","PUBLIC":"N","SYS":"N","VIEWS":"1","TITLE":"\u041a\u0430\u0440\u0442\u043e\u0447\u043a\u0430 \u0442\u043e\u0432\u0430\u0440\u043e\u0432","XML_ID":"\u041a\u0430\u0440\u0442\u043e\u0447\u043a\u0430 \u0442\u043e\u0432\u0430\u0440\u043e\u0432|store_v3\/detailpage","DESCRIPTION":null,"TPL_ID":"13","TPL_CODE":"store_v3\/detailpage","SITE_ID":"10","SITEMAP":"N","FOLDER":"N","FOLDER_ID":"10","SEARCH_CONTENT":"\u041a\u0430\u0440\u0442\u043e\u0447\u043a\u0430 \u0442\u043e\u0432\u0430\u0440\u043e\u0432","VERSION":"11","HISTORY_STEP":"2","CREATED_BY_ID":"1","MODIFIED_BY_ID":"1","DATE_CREATE":"26.07.2023 17:18:34","DATE_MODIFY":"27.07.2023 10:35:23","DATE_PUBLIC":"26.07.2023 18:24:27","ADDITIONAL_FIELDS":{"METAOG_IMAGE":"https:\/\/cdn.bitrix24.site\/bitrix\/images\/demo\/page\/store_v3\/detailpage\/preview.jpg"},"TEMPLATE_REF":{"1":"78","2":"76","3":"82"},"BLOCKS":{"378":{"code":"52.5.link_back","old_id":378,"access":"X","anchor":"b378","meta":{"LID":"84","FAVORITE_META":[],"CREATED_BY_ID":"1","DATE_CREATE":{},"MODIFIED_BY_ID":"1","DATE_MODIFY":{},"SITE_TYPE":"STORE","LANDING_TITLE":"","LANDING_TPL_CODE":"store_v3\/detailpage","SITE_TPL_CODE":"store_v3","XML_ID":"z3qfofv522","DESIGNER_MODE":false},"nodes":{".landing-block-node-title":["\u041d\u0430\u0437\u0430\u0434"],"#wrapper":[{"src":"","src2x":"","id":null,"id2x":null,"alt":"","isLazy":"N"}]},"style":{".landing-block-node-title":{"classList":["landing-block-node-title text-left g-ma-0 g-font-size-17 g-font-weight-400 g-font-roboto d-block g-nowrap g-overflow-hidden g-text-overflow-ellipsis"]},"#wrapper":{"classList":["landing-block g-bg-white l-d-xs-none l-d-md-none"]}}},"380":{"code":"27.3.one_col_fix_title","old_id":380,"access":"X","anchor":"b380","meta":{"LID":"84","FAVORITE_META":[],"CREATED_BY_ID":"1","DATE_CREATE":{},"MODIFIED_BY_ID":"1","DATE_MODIFY":{},"SITE_TYPE":"STORE","LANDING_TITLE":"","LANDING_TPL_CODE":"store_v3\/detailpage","SITE_TPL_CODE":"store_v3","XML_ID":"52qixurcb2","DESIGNER_MODE":false},"nodes":{".landing-block-node-title":["#title#"],"#wrapper":[{"src":"","src2x":"","id":null,"id2x":null,"alt":"","isLazy":"N"}]},"style":{".landing-block-node-title":{"classList":["landing-block-node-title landing-semantic-title-medium g-my-0 container g-pl-0 g-pr-0 text-left g-font-size-30 g-font-weight-500"]},"#wrapper":{"classList":["landing-block text-center container g-pb-25 g-pt-0 l-d-xs-none l-d-md-none"]}}},"382":{"code":"store.catalog.detail_store_v3","old_id":382,"access":"X","anchor":"b382","meta":{"LID":"84","FAVORITE_META":[],"CREATED_BY_ID":"1","DATE_CREATE":{},"MODIFIED_BY_ID":"1","DATE_MODIFY":{},"SITE_TYPE":"STORE","LANDING_TITLE":"","LANDING_TPL_CODE":"store_v3\/detailpage","SITE_TPL_CODE":"store_v3","XML_ID":"vepkfztkgu","DESIGNER_MODE":false},"nodes":{"bitrix:catalog.element":{"ELEMENT_ID":"","ALLOW_SEO_DATA":"Y","HIDE_NOT_AVAILABLE_OFFERS":"N","PRICE_CODE":["BASE"],"USE_PRICE_COUNT":"N","SHOW_PRICE_COUNT":1,"PRICE_VAT_INCLUDE":"Y","USE_PRODUCT_QUANTITY":"Y","SHOW_DISCOUNT_PERCENT":"Y","SHOW_OLD_PRICE":"Y","ADD_TO_BASKET_ACTION":["BUY"],"MESS_BTN_BUY":"","MESS_BTN_ADD_TO_BASKET":"","MESS_BTN_SUBSCRIBE":"\u0423\u0432\u0435\u0434\u043e\u043c\u0438\u0442\u044c \u043e \u043f\u043e\u0441\u0442\u0443\u043f\u043b\u0435\u043d\u0438\u0438","MESS_NOT_AVAILABLE":"\u0422\u043e\u0432\u0430\u0440 \u043e\u0442\u0441\u0443\u0442\u0441\u0442\u0432\u0443\u0435\u0442\u00a0","USE_ENHANCED_ECOMMERCE":"N","DATA_LAYER_NAME":"dataLayer","LABEL_PROP_POSITION":"top-left","DISCOUNT_PERCENT_POSITION":"bottom-right","PRODUCT_INFO_BLOCK_ORDER":["props","sku"]},".landing-block-node-title":[]},"style":{"#wrapper":{"classList":["landing-block container-fluid"]}}},"386":{"code":"store.catalog.sections_carousel","old_id":386,"access":"X","anchor":"b386","meta":{"LID":"84","FAVORITE_META":[],"CREATED_BY_ID":"1","DATE_CREATE":{},"MODIFIED_BY_ID":"1","DATE_MODIFY":{},"SITE_TYPE":"STORE","LANDING_TITLE":"","LANDING_TPL_CODE":"store_v3\/detailpage","SITE_TPL_CODE":"store_v3","XML_ID":"jbovt5wffi","DESIGNER_MODE":false},"nodes":{"bitrix:landing.blocks.catalog_section_with_carousel":{"ALLOW_SEO_DATA":"Y","HIDE_NOT_AVAILABLE":"L","HIDE_NOT_AVAILABLE_OFFERS":"N","ELEMENT_SORT_FIELD":"sort","ELEMENT_SORT_ORDER":"desc","PRICE_CODE":["BASE"],"USE_PRICE_COUNT":"N","SHOW_PRICE_COUNT":1,"PRICE_VAT_INCLUDE":"Y","DISPLAY_COMPARE":"N","USE_PRODUCT_QUANTITY":"Y","SHOW_OLD_PRICE":"Y","ADD_TO_BASKET_ACTION":"BUY","MESS_BTN_BUY":"","MESS_BTN_ADD_TO_BASKET":"","MESS_BTN_SUBSCRIBE":"","MESS_NOT_AVAILABLE":"","USE_ENHANCED_ECOMMERCE":"N","SHOW_SECTIONS":""}},"style":{"#wrapper":{"classList":["landing-block g-pt-20 g-pb-20"]}}}}}