{"ID":"94","CODE":"dostavkaioplata","INITIATOR_APP_CODE":null,"RULE":null,"ACTIVE":"Y","DELETED":"N","PUBLIC":"N","SYS":"N","VIEWS":"1","TITLE":"\u0414\u043e\u0441\u0442\u0430\u0432\u043a\u0430 \u0438 \u043e\u043f\u043b\u0430\u0442\u0430","XML_ID":"\u0414\u043e\u0441\u0442\u0430\u0432\u043a\u0430 \u0438 \u043e\u043f\u043b\u0430\u0442\u0430|store_v3\/payinfo","DESCRIPTION":null,"TPL_ID":"13","TPL_CODE":"store_v3\/payinfo","SITE_ID":"10","SITEMAP":"N","FOLDER":"N","FOLDER_ID":null,"SEARCH_CONTENT":"\u0414\u043e\u0441\u0442\u0430\u0432\u043a\u0430 \u0438 \u043e\u043f\u043b\u0430\u0442\u0430","VERSION":"11","HISTORY_STEP":"0","CREATED_BY_ID":"1","MODIFIED_BY_ID":"1","DATE_CREATE":"26.07.2023 17:18:35","DATE_MODIFY":"27.07.2023 10:35:23","DATE_PUBLIC":"26.07.2023 17:18:37","ADDITIONAL_FIELDS":{"METAMAIN_USE":"N","METAMAIN_TITLE":"\u0414\u043e\u0441\u0442\u0430\u0432\u043a\u0430 \u0438 \u043e\u043f\u043b\u0430\u0442\u0430","METAROBOTS_INDEX":"Y","VIEW_USE":"N","VIEW_TYPE":"no","B24BUTTON_USE":"N","B24BUTTON_CODE":"N","B24BUTTON_COLOR":"site","B24BUTTON_COLOR_VALUE":"#03c1fe","METAOG_TITLE":"\u0414\u043e\u0441\u0442\u0430\u0432\u043a\u0430 \u0438 \u043e\u043f\u043b\u0430\u0442\u0430","METAOG_IMAGE":"1058","YACOUNTER_USE":"N","GACOUNTER_USE":"N","GACOUNTER_CLICK_TYPE":"text","GACOUNTER_SEND_SHOW":"N","PIXELVK_USE":"N","GTM_USE":"N","CSSBLOCK_USE":"N","HEADBLOCK_USE":"N"},"TEMPLATE_REF":{"1":"78","2":"76","3":"82"},"BLOCKS":{"420":{"code":"52.5.link_back","old_id":420,"access":"X","anchor":"b420","meta":{"LID":"94","FAVORITE_META":[],"CREATED_BY_ID":"1","DATE_CREATE":{},"MODIFIED_BY_ID":"1","DATE_MODIFY":{},"SITE_TYPE":"STORE","LANDING_TITLE":"","LANDING_TPL_CODE":"store_v3\/payinfo","SITE_TPL_CODE":"store_v3","XML_ID":"dd0avma2yk","DESIGNER_MODE":false},"nodes":{".landing-block-node-title":["\u041d\u0430\u0437\u0430\u0434"],"#wrapper":[{"src":"","src2x":"","id":null,"id2x":null,"alt":"","isLazy":"N"}]},"style":{".landing-block-node-title":{"classList":["landing-block-node-title text-left g-ma-0 g-font-size-17 g-font-weight-400 g-font-roboto d-block g-nowrap g-overflow-hidden g-text-overflow-ellipsis"]},"#wrapper":{"classList":["landing-block g-bg-white l-d-xs-none l-d-md-none"]}}},"422":{"code":"27.3.one_col_fix_title","old_id":422,"access":"X","anchor":"b422","meta":{"LID":"94","FAVORITE_META":[],"CREATED_BY_ID":"1","DATE_CREATE":{},"MODIFIED_BY_ID":"1","DATE_MODIFY":{},"SITE_TYPE":"STORE","LANDING_TITLE":"","LANDING_TPL_CODE":"store_v3\/payinfo","SITE_TPL_CODE":"store_v3","XML_ID":"ugsssucwit","DESIGNER_MODE":false},"nodes":{".landing-block-node-title":["#title#"],"#wrapper":[{"src":"","src2x":"","id":null,"id2x":null,"alt":"","isLazy":"N"}]},"style":{".landing-block-node-title":{"classList":["landing-block-node-title landing-semantic-title-medium g-my-0 container g-pl-0 g-pr-0 text-left g-font-size-30 g-font-weight-500"]},"#wrapper":{"classList":["landing-block text-center container g-pb-10 g-pt-0 l-d-xs-none l-d-md-none"]}}},"424":{"code":"27.one_col_fix_title_and_text_2","old_id":424,"access":"X","anchor":"b424","meta":{"LID":"94","FAVORITE_META":[],"CREATED_BY_ID":"1","DATE_CREATE":{},"MODIFIED_BY_ID":"1","DATE_MODIFY":{},"SITE_TYPE":"STORE","LANDING_TITLE":"","LANDING_TPL_CODE":"store_v3\/payinfo","SITE_TPL_CODE":"store_v3","XML_ID":"gad7d18v3g","DESIGNER_MODE":false},"nodes":{".landing-block-node-title":["\u041e\u043f\u043b\u0430\u0442\u0430 \u0437\u0430\u043a\u0430\u0437\u0430"],".landing-block-node-text":["\u0412\u044b \u043c\u043e\u0436\u0435\u0442\u0435 \u043e\u0444\u043e\u0440\u043c\u0438\u0442\u044c \u0437\u0430\u043a\u0430\u0437, \u0430 \u043e\u043f\u043b\u0430\u0442\u0438\u0442\u044c \u0435\u0433\u043e \u043f\u043e\u0437\u0436\u0435. \u041c\u0435\u043d\u0435\u0434\u0436\u0435\u0440 \u0441\u0432\u044f\u0436\u0435\u0442\u0441\u044f \u0441 \u0432\u0430\u043c\u0438. \u0418\u043b\u0438 \u0441\u0440\u0430\u0437\u0443 \u043e\u043f\u043b\u0430\u0442\u0438\u0442\u0435 \u0437\u0430\u043a\u0430\u0437 \u043e\u043d\u043b\u0430\u0439\u043d \u043e\u0434\u043d\u0438\u043c \u0438\u0437 \u044d\u0442\u0438\u0445 \u0441\u043f\u043e\u0441\u043e\u0431\u043e\u0432."],"#wrapper":[{"src":"","src2x":"","id":null,"id2x":null,"alt":"","isLazy":"N"}]},"style":{".landing-block-node-title":{"classList":["landing-block-node-title h2 text-left g-mb-15 g-font-weight-500 g-font-size-20"]},".landing-block-node-text":{"classList":["landing-block-node-text text-left g-font-weight-400 g-font-size-17"]},".landing-block-node-text-container":{"classList":["landing-block-node-text-container landing-semantic-text-width container g-max-width-container"]},"#wrapper":{"classList":["landing-block g-bg-white js-animation animation-none g-pt-10 g-pb-20"]}}},"426":{"code":"store.salescenter.payment.pay_store_v3","old_id":426,"access":"W","anchor":"b426","meta":{"LID":"94","FAVORITE_META":[],"CREATED_BY_ID":"1","DATE_CREATE":{},"MODIFIED_BY_ID":"1","DATE_MODIFY":{},"SITE_TYPE":"STORE","LANDING_TITLE":"","LANDING_TPL_CODE":"store_v3\/payinfo","SITE_TPL_CODE":"store_v3","XML_ID":"wtcb4eegex","DESIGNER_MODE":false},"nodes":{"bitrix:salescenter.payment.pay":{"TEMPLATE_MODE":"","ALLOW_PAYMENT_REDIRECT":""},"#wrapper":[{"src":"","src2x":"","id":null,"id2x":null,"alt":"","isLazy":"N"}]},"style":{"#wrapper":{"classList":["landing-block u-block-border-none"]}}},"428":{"code":"27.one_col_fix_title_and_text_2","old_id":428,"access":"X","anchor":"b428","meta":{"LID":"94","FAVORITE_META":[],"CREATED_BY_ID":"1","DATE_CREATE":{},"MODIFIED_BY_ID":"1","DATE_MODIFY":{},"SITE_TYPE":"STORE","LANDING_TITLE":"","LANDING_TPL_CODE":"store_v3\/payinfo","SITE_TPL_CODE":"store_v3","XML_ID":"7eizeo9ell","DESIGNER_MODE":false},"nodes":{".landing-block-node-title":["\u0414\u043e\u0441\u0442\u0430\u0432\u043a\u0430"],".landing-block-node-text":["\u041c\u044b \u0433\u043e\u0442\u043e\u0432\u044b \u0434\u043e\u0441\u0442\u0430\u0432\u0438\u0442\u044c \u0442\u043e\u0432\u0430\u0440 \u0443\u0434\u043e\u0431\u043d\u044b\u043c \u0434\u043b\u044f \u0432\u0430\u0441 \u0441\u043f\u043e\u0441\u043e\u0431\u043e\u043c. \u041f\u0440\u043e\u0441\u0442\u043e \u0432\u044b\u0431\u0435\u0440\u0438\u0442\u0435 \u0442\u043e\u0432\u0430\u0440 \u0438 \u043e\u0444\u043e\u0440\u043c\u0438\u0442\u0435 \u0437\u0430\u043a\u0430\u0437. \u041d\u0430\u0448 \u043c\u0435\u043d\u0435\u0434\u0436\u0435\u0440 \u0441\u0432\u044f\u0436\u0435\u0442\u0441\u044f \u0441 \u0432\u0430\u043c\u0438, \u0447\u0442\u043e\u0431\u044b \u043e\u0431\u0441\u0443\u0434\u0438\u0442\u044c \u0434\u0435\u0442\u0430\u043b\u0438 \u0434\u043e\u0441\u0442\u0430\u0432\u043a\u0438."],"#wrapper":[{"src":"","src2x":"","id":null,"id2x":null,"alt":"","isLazy":"N"}]},"style":{".landing-block-node-title":{"classList":["landing-block-node-title h2 text-left g-mb-15 g-font-weight-500 g-font-size-20"]},".landing-block-node-text":{"classList":["landing-block-node-text text-left g-font-weight-400 g-font-size-17"]},".landing-block-node-text-container":{"classList":["landing-block-node-text-container landing-semantic-text-width container g-max-width-container"]},"#wrapper":{"classList":["landing-block g-bg-white js-animation animation-none g-pt-20 g-pb-20"]}}},"430":{"code":"27.one_col_fix_title_and_text_2","old_id":430,"access":"X","anchor":"b430","meta":{"LID":"94","FAVORITE_META":[],"CREATED_BY_ID":"1","DATE_CREATE":{},"MODIFIED_BY_ID":"1","DATE_MODIFY":{},"SITE_TYPE":"STORE","LANDING_TITLE":"","LANDING_TPL_CODE":"store_v3\/payinfo","SITE_TPL_CODE":"store_v3","XML_ID":"vn20fhaxri","DESIGNER_MODE":false},"nodes":{".landing-block-node-title":["\u041d\u0430\u043f\u0438\u0441\u0430\u0442\u044c \u043d\u0430\u043c"],".landing-block-node-text":["\u041d\u0430\u043f\u0438\u0448\u0438\u0442\u0435 \u043d\u0430\u043c, \u0435\u0441\u043b\u0438 \u0443 \u0432\u0430\u0441 \u0435\u0441\u0442\u044c \u0432\u043e\u043f\u0440\u043e\u0441\u044b."],"#wrapper":[{"src":"","src2x":"","id":null,"id2x":null,"alt":"","isLazy":"N"}]},"style":{".landing-block-node-title":{"classList":["landing-block-node-title h2 text-left g-mb-15 g-font-weight-500 g-font-size-20"]},".landing-block-node-text":{"classList":["landing-block-node-text text-left g-font-weight-400 g-font-size-17"]},".landing-block-node-text-container":{"classList":["landing-block-node-text-container landing-semantic-text-width container g-max-width-container"]},"#wrapper":{"classList":["landing-block g-bg-white js-animation animation-none g-pt-0 g-pb-0"]}}},"432":{"code":"33.14.form_2_light_no_text_simple","old_id":432,"access":"X","anchor":"b432","meta":{"LID":"94","FAVORITE_META":[],"CREATED_BY_ID":"1","DATE_CREATE":{},"MODIFIED_BY_ID":"1","DATE_MODIFY":{},"SITE_TYPE":"STORE","LANDING_TITLE":"","LANDING_TPL_CODE":"store_v3\/payinfo","SITE_TPL_CODE":"store_v3","XML_ID":"57e7k6unyk","DESIGNER_MODE":false},"nodes":{"#wrapper":[{"src":"","src2x":"","id":null,"id2x":null,"alt":"","isLazy":"N"}]},"style":{".landing-block-node-form-container":{"classList":["landing-block-node-form-container row justify-content-start"]},".bitrix24forms":{"classList":["bitrix24forms g-brd-white-opacity-0_6 u-form-alert-v4"]},"#wrapper":{"classList":["g-bg-white g-pos-rel landing-block g-color-gray-dark-v1 g-pt-0 g-pb-40"]}}}}}