{"ID":"78","CODE":"shapka2","INITIATOR_APP_CODE":null,"RULE":null,"ACTIVE":"Y","DELETED":"N","PUBLIC":"N","SYS":"N","VIEWS":"0","TITLE":"\u0428\u0430\u043f\u043a\u0430 2","XML_ID":"\u0428\u0430\u043f\u043a\u0430 2|store_v3\/header2","DESCRIPTION":null,"TPL_ID":"1","TPL_CODE":"store_v3\/header2","SITE_ID":"10","SITEMAP":"N","FOLDER":"N","FOLDER_ID":"8","SEARCH_CONTENT":"\u0428\u0430\u043f\u043a\u0430 2","VERSION":"11","HISTORY_STEP":"4","CREATED_BY_ID":"1","MODIFIED_BY_ID":"1","DATE_CREATE":"26.07.2023 17:18:34","DATE_MODIFY":"27.07.2023 10:35:23","DATE_PUBLIC":"26.07.2023 18:17:03","ADDITIONAL_FIELDS":[],"TEMPLATE_REF":[],"BLOCKS":{"364":{"code":"store.store_v3_menu_2","old_id":364,"access":"X","anchor":"b364","meta":{"LID":"78","FAVORITE_META":[],"CREATED_BY_ID":"1","DATE_CREATE":{},"MODIFIED_BY_ID":"1","DATE_MODIFY":{},"SITE_TYPE":"STORE","LANDING_TITLE":"","LANDING_TPL_CODE":"store_v3\/header2","SITE_TPL_CODE":"store_v3","XML_ID":"1zcefksgrr","DESIGNER_MODE":false},"cards":{".landing-block-node-menu-top-item":{"source":[{"value":1,"type":"card"}]},".landing-block-node-menu-bottom-item":{"source":[{"value":1,"type":"card"},{"value":1,"type":"card"}]}},"nodes":{".landing-block-node-title":[{"href":"#system_mainpage","target":null,"attrs":{"data-embed":null,"data-url":null},"text":"\n\t\t\t\t\t\t#crmCompanyTitle\n\t\t\t\t\t"}],".landing-block-node-text":["skipass2020@mail.ru"],".landing-block-node-phone":[{"href":"mailto:skipass2020@mail.ru","target":"_blank","attrs":{"data-embed":null,"data-url":null}}],".landing-block-node-menu-top-link":[{"href":"#landing@landing[store_v3\/mainpage]","target":"_self","attrs":{"data-embed":null,"data-url":null},"text":"\u0413\u043b\u0430\u0432\u043d\u0430\u044f"}],".landing-block-node-menu-bottom-link":[{"href":"#landing@landing[store_v3\/contacts]","target":"_self","attrs":{"data-embed":null,"data-url":null}},{"href":"#landing@landing[store_v3\/payinfo]","target":"_self","attrs":{"data-embed":null,"data-url":null}}],".landing-block-node-menu-bottom-text":["\u041a\u043e\u043d\u0442\u0430\u043a\u0442\u044b","\u0414\u043e\u0441\u0442\u0430\u0432\u043a\u0430 \u0438 \u043e\u043f\u043b\u0430\u0442\u0430"]},"style":{".landing-block-node-title-container":{"classList":["landing-block-node-title-container order-1 d-flex w-100 align-items-center g-overflow-hidden"]},".landing-block-node-text":{"classList":["landing-block-node-text d-none d-md-block g-font-size-17 g-font-weight-500 g-nowrap g-pl-10"]},"#wrapper":{"classList":["landing-block landing-semantic-background-color u-header u-header--sticky u-header--relative g-z-index-9999 g-height-auto g-bg-white u-shadow-v41--header--lg"]}},"attrs":{".navbar-collapse":[{"id":"navBar364"}],"button.navbar-toggler":[{"aria-controls":"navBar364","data-target":"#navBar364"}]}},"366":{"code":"01.big_with_text_3_1","old_id":366,"access":"X","anchor":"b366","meta":{"LID":"78","FAVORITE_META":[],"CREATED_BY_ID":"1","DATE_CREATE":{},"MODIFIED_BY_ID":"1","DATE_MODIFY":{},"SITE_TYPE":"STORE","LANDING_TITLE":"","LANDING_TPL_CODE":"store_v3\/header2","SITE_TPL_CODE":"store_v3","XML_ID":"wt8rnt2ad5","DESIGNER_MODE":false},"nodes":{".landing-block-node-img":[{"src":"","src2x":"","id":null,"id2x":null,"alt":"","isLazy":"N"}],".landing-block-node-title":["\u0421\u043a\u0438\u043f\u0430\u0441\u0441\u044b"],".landing-block-node-text":["\u041f\u0440\u043e\u0441\u0442\u043e. \u0411\u044b\u0441\u0442\u0440\u043e. \u0411\u0435\u0437\u043e\u043f\u0430\u0441\u043d\u043e"]},"style":{".landing-block-node-container":{"classList":["landing-block-node-container container text-center u-bg-overlay__inner g-mx-0"]},".landing-block-node-title":{"classList":["landing-block-node-title landing-semantic-title-image-medium g-line-height-1 g-mt-20 text-left g-color-black g-text-transform-none g-font-size-46 g-font-roboto g-font-weight-600 g-mb-10"]},".landing-block-node-text":{"classList":["landing-block-node-text landing-semantic-text-image-medium text-left g-color-black g-font-size-22 g-font-roboto g-font-weight-400 g-mb-0"]},"#wrapper":{"classList":["landing-block landing-block-node-img u-bg-overlay g-flex-centered g-bg-img-hero g-height-auto g-bg-size-cover g-mb-10 g-bg-image g-bg g-pt-auto g-pb-30"],"style":[{"background-image":"","--bg":"hsla(0, 0%, 86%, 1)"}]}}}}}