{"ID":"10","CODE":"\/crm_internet_magazin\/","ACTIVE":"Y","DELETED":"N","TITLE":"\u0421\u041a\u0418\u041f\u0410\u0421\u0421\u042b \u041a\u0420\u0410\u0421\u041d\u0410\u042f \u041f\u041e\u041b\u042f\u041d\u0410","XML_ID":"CRM + \u0418\u043d\u0442\u0435\u0440\u043d\u0435\u0442-\u043c\u0430\u0433\u0430\u0437\u0438\u043d|store_v3","DESCRIPTION":null,"TYPE":"STORE","TPL_ID":"0","TPL_CODE":"store_v3","DOMAIN_ID":"12","SMN_SITE_ID":null,"LANDING_ID_INDEX":"74","LANDING_ID_404":"0","LANDING_ID_503":"0","LANG":"ru","SPECIAL":"N","VERSION":"3","CREATED_BY_ID":"1","MODIFIED_BY_ID":"1","DATE_CREATE":"26.07.2023 17:18:32","DATE_MODIFY":"27.07.2023 10:35:23","SYS_PAGES":{"mainpage":{"TYPE":"mainpage","LANDING_ID":"74","TITLE":"\u0421\u041a\u0418\u041f\u0410\u0421\u0421\u042b \u041a\u0420\u0410\u0421\u041d\u0410\u042f \u041f\u041e\u041b\u042f\u041d\u0410","DELETED":"N","ACTIVE":"Y"},"catalog":{"TYPE":"catalog","LANDING_ID":"88","TITLE":"\u041a\u0430\u0442\u0430\u043b\u043e\u0433","DELETED":"N","ACTIVE":"Y"},"order":{"TYPE":"order","LANDING_ID":"98","TITLE":"\u041e\u0444\u043e\u0440\u043c\u043b\u0435\u043d\u0438\u0435 \u0437\u0430\u043a\u0430\u0437\u0430","DELETED":"N","ACTIVE":"Y"},"payment":{"TYPE":"payment","LANDING_ID":"96","TITLE":"\u041e\u043f\u043b\u0430\u0442\u0430 \u0437\u0430\u043a\u0430\u0437\u0430","DELETED":"N","ACTIVE":"Y"},"cart":{"TYPE":"cart","LANDING_ID":"98","TITLE":"\u041e\u0444\u043e\u0440\u043c\u043b\u0435\u043d\u0438\u0435 \u0437\u0430\u043a\u0430\u0437\u0430","DELETED":"N","ACTIVE":"Y"},"feedback":{"TYPE":"feedback","LANDING_ID":"90","TITLE":"\u0412\u0438\u0437\u0438\u0442\u043a\u0430","DELETED":"N","ACTIVE":"Y"}},"FOLDERS_NEW":{"8":{"PARENT_ID":null,"ACTIVE":"Y","TITLE":"\u0422\u0435\u0445\u043d\u0438\u0447\u0435\u0441\u043a\u0438\u0435 \u0441\u0442\u0440\u0430\u043d\u0438\u0446\u044b","CODE":"tekhnicheskiestranitsy","INDEX_ID":"86"},"10":{"PARENT_ID":null,"ACTIVE":"Y","TITLE":"\u041a\u0430\u0442\u0430\u043b\u043e\u0433","CODE":"katalog","INDEX_ID":"88"}},"TEMPLATES":{"1":"empty","3":"sidebar_left","5":"sidebar_right","7":"header_only","9":"header_footer","11":"without_left","13":"without_right"},"TEMPLATE_REF":[],"ADDITIONAL_FIELDS":{"COOKIES_USE":"N","COOKIES_AGREEMENT_ID":"8","COOKIES_COLOR_BG":"#03c1fe","COOKIES_COLOR_TEXT":"#fff","COOKIES_POSITION":"bottom_left","COOKIES_MODE":"I","BACKGROUND_USE":"Y","BACKGROUND_POSITION":"center","BACKGROUND_COLOR":"#ffffff","YMAP_USE":"N","LAYOUT_BREAKPOINT":"desktop","SPEED_USE_LAZY":"Y","SPEED_USE_WEBPACK":"Y","TRANSITION_COLOR":"#ffffff","VIEW_USE":"Y","VIEW_TYPE":"adaptive","B24BUTTON_CODE":"https:\/\/cdn-ru.bitrix24.ru\/b26368320\/crm\/site_button\/loader_2_angt8n.js","B24BUTTON_COLOR":"custom","B24BUTTON_COLOR_VALUE":"#6cb70e","ROBOTS_USE":"N","METAGOOGLEVERIFICATION_USE":"N","UP_SHOW":"Y","YACOUNTER_USE":"N","GACOUNTER_USE":"N","GACOUNTER_SEND_CLICK":"N","GACOUNTER_CLICK_TYPE":"text","GACOUNTER_SEND_SHOW":"N","THEMEFONTS_USE":"Y","THEMEFONTS_CODE_H":"Roboto","THEMEFONTS_CODE":"Roboto","THEMEFONTS_SIZE":"1.14286","THEMEFONTS_COLOR":"#444444","THEMEFONTS_COLOR_H":"#333333","THEMEFONTS_LINE_HEIGHT":"1.6","THEMEFONTS_FONT_WEIGHT":"400","THEMEFONTS_FONT_WEIGHT_H":"400","GMAP_USE":"N","METAYANDEXVERIFICATION_USE":"N","THEME_COLOR":"#333333","PIXELVK_USE":"N","GTM_USE":"N","CSSBLOCK_USE":"Y","CSSBLOCK_CODE":"@media (max-width: 990px) {.b24-widget-button-position-bottom-right{right: 16px;bottom:16px;}.b24-widget-button-position-top-right{right: 16px;top:16px;}.b24-widget-button-position-bottom-left{left: 16px;bottom:16px;}.b24-widget-button-position-top-left{left: 16px;top:16px;}}","HEADBLOCK_USE":"N"}}