{"ID":"90","CODE":"vizitka","INITIATOR_APP_CODE":null,"RULE":null,"ACTIVE":"Y","DELETED":"N","PUBLIC":"N","SYS":"N","VIEWS":"1","TITLE":"\u0412\u0438\u0437\u0438\u0442\u043a\u0430","XML_ID":"\u0412\u0438\u0437\u0438\u0442\u043a\u0430|store_v3\/cutaway","DESCRIPTION":null,"TPL_ID":"13","TPL_CODE":"store_v3\/cutaway","SITE_ID":"10","SITEMAP":"N","FOLDER":"N","FOLDER_ID":null,"SEARCH_CONTENT":"\u0412\u0438\u0437\u0438\u0442\u043a\u0430","VERSION":"11","HISTORY_STEP":"0","CREATED_BY_ID":"1","MODIFIED_BY_ID":"1","DATE_CREATE":"26.07.2023 17:18:34","DATE_MODIFY":"27.07.2023 10:35:23","DATE_PUBLIC":"26.07.2023 17:18:37","ADDITIONAL_FIELDS":{"METAMAIN_USE":"N","METAMAIN_TITLE":"\u0412\u0438\u0437\u0438\u0442\u043a\u0430","METAROBOTS_INDEX":"Y","VIEW_USE":"N","VIEW_TYPE":"no","B24BUTTON_USE":"N","B24BUTTON_CODE":"N","B24BUTTON_COLOR":"site","B24BUTTON_COLOR_VALUE":"#03c1fe","METAOG_TITLE":"\u0412\u0438\u0437\u0438\u0442\u043a\u0430","METAOG_IMAGE":"1064","YACOUNTER_USE":"N","GACOUNTER_USE":"N","GACOUNTER_CLICK_TYPE":"text","GACOUNTER_SEND_SHOW":"N","PIXELVK_USE":"N","GTM_USE":"N","CSSBLOCK_USE":"Y","CSSBLOCK_CODE":".b24-widget-button-wrapper{display:none!important;}","HEADBLOCK_USE":"N"},"TEMPLATE_REF":{"1":"78","2":"76","3":"82"},"BLOCKS":{"394":{"code":"52.5.link_back","old_id":394,"access":"X","anchor":"b394","meta":{"LID":"90","FAVORITE_META":[],"CREATED_BY_ID":"1","DATE_CREATE":{},"MODIFIED_BY_ID":"1","DATE_MODIFY":{},"SITE_TYPE":"STORE","LANDING_TITLE":"","LANDING_TPL_CODE":"store_v3\/cutaway","SITE_TPL_CODE":"store_v3","XML_ID":"mzmmnmmo7o","DESIGNER_MODE":false},"nodes":{".landing-block-node-title":["\u041d\u0430\u0437\u0430\u0434"],"#wrapper":[{"src":"","src2x":"","id":null,"id2x":null,"alt":"","isLazy":"N"}]},"style":{".landing-block-node-title":{"classList":["landing-block-node-title text-left g-ma-0 g-font-size-17 g-font-weight-400 g-font-roboto d-block g-nowrap g-overflow-hidden g-text-overflow-ellipsis"]},"#wrapper":{"classList":["landing-block g-bg-white l-d-xs-none l-d-md-none"]}}},"396":{"code":"27.3.one_col_fix_title","old_id":396,"access":"X","anchor":"b396","meta":{"LID":"90","FAVORITE_META":[],"CREATED_BY_ID":"1","DATE_CREATE":{},"MODIFIED_BY_ID":"1","DATE_MODIFY":{},"SITE_TYPE":"STORE","LANDING_TITLE":"","LANDING_TPL_CODE":"store_v3\/cutaway","SITE_TPL_CODE":"store_v3","XML_ID":"mjwqjw432c","DESIGNER_MODE":false},"nodes":{".landing-block-node-title":["\u041d\u0430\u043f\u0438\u0441\u0430\u0442\u044c \u043d\u0430\u043c"],"#wrapper":[{"src":"","src2x":"","id":null,"id2x":null,"alt":"","isLazy":"N"}]},"style":{".landing-block-node-title":{"classList":["landing-block-node-title landing-semantic-title-medium g-my-0 container g-pl-0 g-pr-0 text-left g-font-size-30 g-font-weight-500"]},"#wrapper":{"classList":["landing-block text-center container g-pb-10 g-pt-0 l-d-xs-none l-d-md-none"]}}},"398":{"code":"27.one_col_fix_title_and_text_2","old_id":398,"access":"X","anchor":"b398","meta":{"LID":"90","FAVORITE_META":[],"CREATED_BY_ID":"1","DATE_CREATE":{},"MODIFIED_BY_ID":"1","DATE_MODIFY":{},"SITE_TYPE":"STORE","LANDING_TITLE":"","LANDING_TPL_CODE":"store_v3\/cutaway","SITE_TPL_CODE":"store_v3","XML_ID":"o6dephfmbv","DESIGNER_MODE":false},"nodes":{".landing-block-node-title":[" "],".landing-block-node-text":["\u041d\u0430\u043f\u0438\u0448\u0438\u0442\u0435 \u043d\u0430\u043c, \u0435\u0441\u043b\u0438 \u0443 \u0432\u0430\u0441 \u0435\u0441\u0442\u044c \u0432\u043e\u043f\u0440\u043e\u0441\u044b"],"#wrapper":[{"src":"","src2x":"","id":null,"id2x":null,"alt":"","isLazy":"N"}]},"style":{".landing-block-node-title":{"classList":["landing-block-node-title h2 g-color-gray-dark-v4 g-font-size-16 text-left g-mb-0 font-weight-normal"]},".landing-block-node-text":{"classList":["landing-block-node-text g-pb-1 g-color-gray-dark-v1 g-font-size-18 text-left"]},".landing-block-node-text-container":{"classList":["landing-block-node-text-container landing-semantic-text-width container g-max-width-container"]},"#wrapper":{"classList":["landing-block js-animation animation-none g-pt-10 g-pb-15 u-block-border-none g-bg-white"]}}},"400":{"code":"60.1.openlines_buttons","old_id":400,"access":"X","anchor":"b400","meta":{"LID":"90","FAVORITE_META":[],"CREATED_BY_ID":"1","DATE_CREATE":{},"MODIFIED_BY_ID":"1","DATE_MODIFY":{},"SITE_TYPE":"STORE","LANDING_TITLE":"","LANDING_TPL_CODE":"store_v3\/cutaway","SITE_TPL_CODE":"store_v3","XML_ID":"zsb1hwxqeb","DESIGNER_MODE":false},"nodes":{"bitrix:landing.blocks.openlines":{"BUTTON_ID":2},".landing-block-node-title":[" "],"#wrapper":[{"src":"","src2x":"","id":null,"id2x":null,"alt":"","isLazy":"N"}]},"style":{".landing-block-node-title":{"classList":["landing-block-node-title g-mb-10"]},".landing-block-node-container":{"classList":["landing-block-node-container container g-max-width-100x g-px-0"]},"#wrapper":{"classList":["landing-block text-center container g-max-width-700 g-ml-0 g-pb-0 g-pt-0 g-pl-18 g-pr-18 g-pl-30--md g-pr-30--md"]}}},"402":{"code":"27.one_col_fix_title_and_text_2","old_id":402,"access":"X","anchor":"b402","meta":{"LID":"90","FAVORITE_META":[],"CREATED_BY_ID":"1","DATE_CREATE":{},"MODIFIED_BY_ID":"1","DATE_MODIFY":{},"SITE_TYPE":"STORE","LANDING_TITLE":"","LANDING_TPL_CODE":"store_v3\/cutaway","SITE_TPL_CODE":"store_v3","XML_ID":"ymtmxvkjf1","DESIGNER_MODE":false},"nodes":{".landing-block-node-title":[" "],".landing-block-node-text":["\u0418\u043b\u0438 \u0437\u0430\u043f\u043e\u043b\u043d\u0438\u0442\u0435 \u0444\u043e\u0440\u043c\u0443"],"#wrapper":[{"src":"","src2x":"","id":null,"id2x":null,"alt":"","isLazy":"N"}]},"style":{".landing-block-node-title":{"classList":["landing-block-node-title h2 g-color-gray-dark-v4 g-font-size-16 text-left g-mb-0 font-weight-normal"]},".landing-block-node-text":{"classList":["landing-block-node-text g-pb-1 g-color-gray-dark-v1 g-font-size-18 text-left"]},".landing-block-node-text-container":{"classList":["landing-block-node-text-container landing-semantic-text-width container g-max-width-container"]},"#wrapper":{"classList":["landing-block js-animation animation-none g-pt-15 g-pb-0 u-block-border-none g-bg-white"]}}},"404":{"code":"33.14.form_2_light_no_text_simple","old_id":404,"access":"X","anchor":"b404","meta":{"LID":"90","FAVORITE_META":[],"CREATED_BY_ID":"1","DATE_CREATE":{},"MODIFIED_BY_ID":"1","DATE_MODIFY":{},"SITE_TYPE":"STORE","LANDING_TITLE":"","LANDING_TPL_CODE":"store_v3\/cutaway","SITE_TPL_CODE":"store_v3","XML_ID":"woopoaza3v","DESIGNER_MODE":false},"nodes":{"#wrapper":[{"src":"","src2x":"","id":null,"id2x":null,"alt":"","isLazy":"N"}]},"style":{".landing-block-node-form-container":{"classList":["landing-block-node-form-container row justify-content-start"]},".bitrix24forms":{"classList":["bitrix24forms g-brd-white-opacity-0_6 u-form-alert-v4"]},"#wrapper":{"classList":["g-bg-white g-pos-rel landing-block g-color-gray-dark-v1 g-pt-0 g-pb-40"]}}}}}