{"ID":"92","CODE":"kontakty","INITIATOR_APP_CODE":null,"RULE":null,"ACTIVE":"Y","DELETED":"N","PUBLIC":"N","SYS":"N","VIEWS":"0","TITLE":"\u041a\u043e\u043d\u0442\u0430\u043a\u0442\u044b","XML_ID":"\u041a\u043e\u043d\u0442\u0430\u043a\u0442\u044b|store_v3\/contacts","DESCRIPTION":null,"TPL_ID":"13","TPL_CODE":"store_v3\/contacts","SITE_ID":"10","SITEMAP":"N","FOLDER":"N","FOLDER_ID":null,"SEARCH_CONTENT":"\u041a\u043e\u043d\u0442\u0430\u043a\u0442\u044b","VERSION":"11","HISTORY_STEP":"0","CREATED_BY_ID":"1","MODIFIED_BY_ID":"1","DATE_CREATE":"26.07.2023 17:18:35","DATE_MODIFY":"27.07.2023 10:35:23","DATE_PUBLIC":"26.07.2023 17:18:37","ADDITIONAL_FIELDS":{"METAMAIN_USE":"N","METAMAIN_TITLE":"\u041a\u043e\u043d\u0442\u0430\u043a\u0442\u044b","METAROBOTS_INDEX":"Y","VIEW_USE":"N","VIEW_TYPE":"no","B24BUTTON_USE":"N","B24BUTTON_CODE":"N","B24BUTTON_COLOR":"site","B24BUTTON_COLOR_VALUE":"#03c1fe","METAOG_TITLE":"\u041a\u043e\u043d\u0442\u0430\u043a\u0442\u044b","METAOG_IMAGE":"1060","YACOUNTER_USE":"N","GACOUNTER_USE":"N","GACOUNTER_CLICK_TYPE":"text","GACOUNTER_SEND_SHOW":"N","PIXELVK_USE":"N","GTM_USE":"N","CSSBLOCK_USE":"N","HEADBLOCK_USE":"N"},"TEMPLATE_REF":{"1":"78","2":"76","3":"82"},"BLOCKS":{"406":{"code":"52.5.link_back","old_id":406,"access":"X","anchor":"b406","meta":{"LID":"92","FAVORITE_META":[],"CREATED_BY_ID":"1","DATE_CREATE":{},"MODIFIED_BY_ID":"1","DATE_MODIFY":{},"SITE_TYPE":"STORE","LANDING_TITLE":"","LANDING_TPL_CODE":"store_v3\/contacts","SITE_TPL_CODE":"store_v3","XML_ID":"57fcnumtoa","DESIGNER_MODE":false},"nodes":{".landing-block-node-title":["\u041d\u0430\u0437\u0430\u0434"],"#wrapper":[{"src":"","src2x":"","id":null,"id2x":null,"alt":"","isLazy":"N"}]},"style":{".landing-block-node-title":{"classList":["landing-block-node-title text-left g-ma-0 g-font-size-17 g-font-weight-400 g-font-roboto d-block g-nowrap g-overflow-hidden g-text-overflow-ellipsis"]},"#wrapper":{"classList":["landing-block g-bg-white l-d-xs-none l-d-md-none"]}}},"408":{"code":"27.3.one_col_fix_title","old_id":408,"access":"X","anchor":"b408","meta":{"LID":"92","FAVORITE_META":[],"CREATED_BY_ID":"1","DATE_CREATE":{},"MODIFIED_BY_ID":"1","DATE_MODIFY":{},"SITE_TYPE":"STORE","LANDING_TITLE":"","LANDING_TPL_CODE":"store_v3\/contacts","SITE_TPL_CODE":"store_v3","XML_ID":"sxfz4xpcau","DESIGNER_MODE":false},"nodes":{".landing-block-node-title":["#title#"],"#wrapper":[{"src":"","src2x":"","id":null,"id2x":null,"alt":"","isLazy":"N"}]},"style":{".landing-block-node-title":{"classList":["landing-block-node-title landing-semantic-title-medium g-my-0 container g-pl-0 g-pr-0 text-left g-font-size-30 g-font-weight-500"]},"#wrapper":{"classList":["landing-block text-center container g-pb-10 g-pt-0 l-d-xs-none l-d-md-none"]}}},"410":{"code":"52.3.mini_text_titile_with_btn_right","old_id":410,"access":"X","anchor":"b410","meta":{"LID":"92","FAVORITE_META":[],"CREATED_BY_ID":"1","DATE_CREATE":{},"MODIFIED_BY_ID":"1","DATE_MODIFY":{},"SITE_TYPE":"STORE","LANDING_TITLE":"","LANDING_TPL_CODE":"store_v3\/contacts","SITE_TPL_CODE":"store_v3","XML_ID":"erkytgdd1z","DESIGNER_MODE":false},"nodes":{".landing-block-node-text":["\u003Ca href=\u0022tel:#crmPhone1\u0022\u003E#crmPhoneTitle1\u003C\/a\u003E"],".landing-block-node-title":["\u0422\u0435\u043b\u0435\u0444\u043e\u043d"],".landing-block-node-button":[{"href":"tel:#crmPhone1","target":"_self","attrs":{"data-embed":null,"data-url":null},"text":"\u041f\u043e\u0437\u0432\u043e\u043d\u0438\u0442\u044c"}],"#wrapper":[{"src":"","src2x":"","id":null,"id2x":null,"alt":"","isLazy":"N"}]},"style":{".landing-block-node-container":{"classList":["landing-block-node-container row g-flex-start align-items-center"]},".landing-block-node-text-container":{"classList":["landing-block-node-text-container text-left js-animation animation-none g-px-0 g-pr-20"]},".landing-block-node-title":{"classList":["landing-block-node-title h6 g-color-gray-dark-v4 g-mb-5 text-left g-font-size-16 font-weight-normal"]},".landing-block-node-text":{"classList":["landing-block-node-text g-color-gray-dark-v1 g-font-size-18"]},".landing-block-node-button":{"classList":["landing-block-node-button btn g-btn-type-solid g-btn-size-md g-btn-px-m g-text-transform-none g-mb-0 g-btn-black g-rounded-20 g-color-white"]},".landing-block-node-button-container":{"classList":["landing-block-node-button-container text-right js-animation animation-none d-flex justify-content-end"]},"#wrapper":{"classList":["landing-block g-pt-10 g-pb-20 g-bg-white container"]}}},"412":{"code":"27.one_col_fix_title_and_text_2","old_id":412,"access":"X","anchor":"b412","meta":{"LID":"92","FAVORITE_META":[],"CREATED_BY_ID":"1","DATE_CREATE":{},"MODIFIED_BY_ID":"1","DATE_MODIFY":{},"SITE_TYPE":"STORE","LANDING_TITLE":"","LANDING_TPL_CODE":"store_v3\/contacts","SITE_TPL_CODE":"store_v3","XML_ID":"lg0lho4ikw","DESIGNER_MODE":false},"nodes":{".landing-block-node-title":["\u0410\u0434\u0440\u0435\u0441"],".landing-block-node-text":["\u041a\u0430\u043b\u0438\u043d\u0438\u043d\u0433\u0440\u0430\u0434, \u0413\u043e\u0441\u0442\u0438\u043d\u0430\u044f, 3"],"#wrapper":[{"src":"","src2x":"","id":null,"id2x":null,"alt":"","isLazy":"N"}]},"style":{".landing-block-node-title":{"classList":["landing-block-node-title h2 g-color-gray-dark-v4 g-font-size-16 text-left g-mb-5 font-weight-normal"]},".landing-block-node-text":{"classList":["landing-block-node-text g-pb-1 g-color-gray-dark-v1 g-font-size-18 text-left"]},".landing-block-node-text-container":{"classList":["landing-block-node-text-container landing-semantic-text-width container g-max-width-container"]},"#wrapper":{"classList":["landing-block js-animation animation-none g-pt-10 g-pb-10 u-block-border-none g-bg-white"]}}},"414":{"code":"16.1.google_map","old_id":414,"access":"X","anchor":"b414","meta":{"LID":"92","FAVORITE_META":[],"CREATED_BY_ID":"1","DATE_CREATE":{},"MODIFIED_BY_ID":"1","DATE_MODIFY":{},"SITE_TYPE":"STORE","LANDING_TITLE":"","LANDING_TPL_CODE":"store_v3\/contacts","SITE_TPL_CODE":"store_v3","XML_ID":"usxeho0akx","DESIGNER_MODE":false},"nodes":{".landing-block-node-map":["{\u0022center\u0022:{\u0022lat\u0022:54.719168499999988,\u0022lng\u0022:20.488542400000028},\u0022zoom\u0022:17,\u0022markers\u0022:[{\u0022latLng\u0022:{\u0022lat\u0022:54.719168499999988,\u0022lng\u0022:20.488542400000028},\u0022title\u0022:\u0022Bitrix24\u0022,\u0022description\u0022:\u0022Bitrix24 - Your company. United.\u0022}]}"]},"style":{"#wrapper":{"classList":["landing_block g-height-1 g-min-height-50vh u-block-border-none g-bg-white g-pt-10 g-pb-10 g-pl-15 g-pr-15"]}},"attrs":{".landing-block-node-map":[{"data-map":"{\u0022center\u0022:{\u0022lat\u0022:54.719168499999988,\u0022lng\u0022:20.488542400000028},\u0022zoom\u0022:17,\u0022markers\u0022:[{\u0022latLng\u0022:{\u0022lat\u0022:54.719168499999988,\u0022lng\u0022:20.488542400000028},\u0022title\u0022:\u0022Bitrix24\u0022,\u0022description\u0022:\u0022Bitrix24 - Your company. United.\u0022}]}","data-map-provider":"yandex"}]}},"416":{"code":"27.one_col_fix_title_and_text_2","old_id":416,"access":"X","anchor":"b416","meta":{"LID":"92","FAVORITE_META":[],"CREATED_BY_ID":"1","DATE_CREATE":{},"MODIFIED_BY_ID":"1","DATE_MODIFY":{},"SITE_TYPE":"STORE","LANDING_TITLE":"","LANDING_TPL_CODE":"store_v3\/contacts","SITE_TPL_CODE":"store_v3","XML_ID":"748wbs4lcu","DESIGNER_MODE":false},"nodes":{".landing-block-node-title":["\u041d\u0430\u043f\u0438\u0441\u0430\u0442\u044c \u043d\u0430\u043c"],".landing-block-node-text":["\u041d\u0430\u043f\u0438\u0448\u0438\u0442\u0435 \u043d\u0430\u043c, \u0435\u0441\u043b\u0438 \u0443 \u0432\u0430\u0441 \u0435\u0441\u0442\u044c \u0432\u043e\u043f\u0440\u043e\u0441\u044b."],"#wrapper":[{"src":"","src2x":"","id":null,"id2x":null,"alt":"","isLazy":"N"}]},"style":{".landing-block-node-title":{"classList":["landing-block-node-title h2 g-color-gray-dark-v4 g-font-size-16 text-left g-mb-5 font-weight-normal"]},".landing-block-node-text":{"classList":["landing-block-node-text g-pb-1 g-color-gray-dark-v1 g-font-size-18 text-left"]},".landing-block-node-text-container":{"classList":["landing-block-node-text-container landing-semantic-text-width container g-max-width-container"]},"#wrapper":{"classList":["landing-block js-animation animation-none g-pt-10 g-pb-0 u-block-border-none g-bg-white"]}}},"418":{"code":"33.14.form_2_light_no_text_simple","old_id":418,"access":"X","anchor":"b418","meta":{"LID":"92","FAVORITE_META":[],"CREATED_BY_ID":"1","DATE_CREATE":{},"MODIFIED_BY_ID":"1","DATE_MODIFY":{},"SITE_TYPE":"STORE","LANDING_TITLE":"","LANDING_TPL_CODE":"store_v3\/contacts","SITE_TPL_CODE":"store_v3","XML_ID":"tx9wgg2une","DESIGNER_MODE":false},"nodes":{"#wrapper":[{"src":"","src2x":"","id":null,"id2x":null,"alt":"","isLazy":"N"}]},"style":{".landing-block-node-form-container":{"classList":["landing-block-node-form-container row justify-content-start"]},".bitrix24forms":{"classList":["bitrix24forms u-form-alert-v4 g-brd-1 g-brd-gray-light-v4 g-brd-style-solid"]},"#wrapper":{"classList":["g-bg-white g-pos-rel landing-block g-color-gray-dark-v1 g-pt-10 g-pl-10 g-pb-40"]}}}}}