{"ID":"96","CODE":"oplatazakaza","INITIATOR_APP_CODE":null,"RULE":null,"ACTIVE":"Y","DELETED":"N","PUBLIC":"N","SYS":"N","VIEWS":"0","TITLE":"\u041e\u043f\u043b\u0430\u0442\u0430 \u0437\u0430\u043a\u0430\u0437\u0430","XML_ID":"\u041e\u043f\u043b\u0430\u0442\u0430 \u0437\u0430\u043a\u0430\u0437\u0430|store_v3\/payment","DESCRIPTION":null,"TPL_ID":"9","TPL_CODE":"store_v3\/payment","SITE_ID":"10","SITEMAP":"N","FOLDER":"N","FOLDER_ID":null,"SEARCH_CONTENT":"\u041e\u043f\u043b\u0430\u0442\u0430 \u0437\u0430\u043a\u0430\u0437\u0430","VERSION":"11","HISTORY_STEP":"0","CREATED_BY_ID":"1","MODIFIED_BY_ID":"1","DATE_CREATE":"26.07.2023 17:18:35","DATE_MODIFY":"27.07.2023 10:35:23","DATE_PUBLIC":"26.07.2023 17:18:37","ADDITIONAL_FIELDS":{"METAMAIN_USE":"N","METAMAIN_TITLE":"\u041e\u043f\u043b\u0430\u0442\u0430 \u0437\u0430\u043a\u0430\u0437\u0430","METAROBOTS_INDEX":"Y","VIEW_USE":"N","VIEW_TYPE":"no","B24BUTTON_USE":"N","B24BUTTON_CODE":"N","B24BUTTON_COLOR":"site","B24BUTTON_COLOR_VALUE":"#03c1fe","METAOG_TITLE":"\u041e\u043f\u043b\u0430\u0442\u0430 \u0437\u0430\u043a\u0430\u0437\u0430","METAOG_IMAGE":"1052","YACOUNTER_USE":"N","GACOUNTER_USE":"N","GACOUNTER_CLICK_TYPE":"text","GACOUNTER_SEND_SHOW":"N","PIXELVK_USE":"N","GTM_USE":"N","CSSBLOCK_USE":"N","HEADBLOCK_USE":"N"},"TEMPLATE_REF":{"1":"80","2":"82"},"BLOCKS":{"434":{"code":"52.5.link_back","old_id":434,"access":"X","anchor":"b434","meta":{"LID":"96","FAVORITE_META":[],"CREATED_BY_ID":"1","DATE_CREATE":{},"MODIFIED_BY_ID":"1","DATE_MODIFY":{},"SITE_TYPE":"STORE","LANDING_TITLE":"","LANDING_TPL_CODE":"store_v3\/payment","SITE_TPL_CODE":"store_v3","XML_ID":"wtqaotn1d2","DESIGNER_MODE":false},"nodes":{".landing-block-node-title":["\u041d\u0430\u0437\u0430\u0434"],"#wrapper":[{"src":"","src2x":"","id":null,"id2x":null,"alt":"","isLazy":"N"}]},"style":{".landing-block-node-title":{"classList":["landing-block-node-title text-left g-ma-0 g-font-size-17 g-font-weight-400 g-font-roboto d-block g-nowrap g-overflow-hidden g-text-overflow-ellipsis"]},"#wrapper":{"classList":["landing-block g-bg-white l-d-xs-none l-d-md-none"]}}},"436":{"code":"27.3.one_col_fix_title","old_id":436,"access":"X","anchor":"b436","meta":{"LID":"96","FAVORITE_META":[],"CREATED_BY_ID":"1","DATE_CREATE":{},"MODIFIED_BY_ID":"1","DATE_MODIFY":{},"SITE_TYPE":"STORE","LANDING_TITLE":"","LANDING_TPL_CODE":"store_v3\/payment","SITE_TPL_CODE":"store_v3","XML_ID":"c3fllkzriy","DESIGNER_MODE":false},"nodes":{".landing-block-node-title":["#title#"],"#wrapper":[{"src":"","src2x":"","id":null,"id2x":null,"alt":"","isLazy":"N"}]},"style":{".landing-block-node-title":{"classList":["landing-block-node-title landing-semantic-title-medium g-my-0 container g-pl-0 g-pr-0 text-left g-font-size-30 g-font-weight-500"]},"#wrapper":{"classList":["landing-block text-center container g-pb-25 g-pt-0 l-d-xs-none l-d-md-none"]}}},"438":{"code":"store.salescenter.payment.pay_store_v3","old_id":438,"access":"W","anchor":"b438","meta":{"LID":"96","FAVORITE_META":[],"CREATED_BY_ID":"1","DATE_CREATE":{},"MODIFIED_BY_ID":"1","DATE_MODIFY":{},"SITE_TYPE":"STORE","LANDING_TITLE":"","LANDING_TPL_CODE":"store_v3\/payment","SITE_TPL_CODE":"store_v3","XML_ID":"ghnzlnrs93","DESIGNER_MODE":false},"nodes":{"bitrix:salescenter.payment.pay":{"TEMPLATE_MODE":"","ALLOW_PAYMENT_REDIRECT":""},"#wrapper":[{"src":"","src2x":"","id":null,"id2x":null,"alt":"","isLazy":"N"}]},"style":{"#wrapper":{"classList":["landing-block g-pb-40"]}}}}}