{"ID":"88","CODE":"katalog","INITIATOR_APP_CODE":null,"RULE":"(.*?)","ACTIVE":"Y","DELETED":"N","PUBLIC":"N","SYS":"N","VIEWS":"1","TITLE":"\u041a\u0430\u0442\u0430\u043b\u043e\u0433","XML_ID":"\u041a\u0430\u0442\u0430\u043b\u043e\u0433|store_v3\/catalog","DESCRIPTION":null,"TPL_ID":"13","TPL_CODE":"store_v3\/catalog","SITE_ID":"10","SITEMAP":"N","FOLDER":"N","FOLDER_ID":"10","SEARCH_CONTENT":"\u041a\u0430\u0442\u0430\u043b\u043e\u0433  \u0421\u043a\u0438\u043f\u0430\u0441\u0441\u044b","VERSION":"11","HISTORY_STEP":"4","CREATED_BY_ID":"1","MODIFIED_BY_ID":"1","DATE_CREATE":"26.07.2023 17:18:34","DATE_MODIFY":"27.07.2023 10:35:23","DATE_PUBLIC":"26.07.2023 18:22:30","ADDITIONAL_FIELDS":{"METAOG_TITLE":"\u041a\u0430\u0442\u0430\u043b\u043e\u0433","METAOG_DESCRIPTION":"\u0421\u043a\u0438\u043f\u0430\u0441\u0441\u044b","METAOG_IMAGE":"1038"},"TEMPLATE_REF":{"1":"78","2":"76","3":"82"},"BLOCKS":{"388":{"code":"52.5.link_back","old_id":388,"access":"X","anchor":"b388","meta":{"LID":"88","FAVORITE_META":[],"CREATED_BY_ID":"1","DATE_CREATE":{},"MODIFIED_BY_ID":"1","DATE_MODIFY":{},"SITE_TYPE":"STORE","LANDING_TITLE":"","LANDING_TPL_CODE":"store_v3\/catalog","SITE_TPL_CODE":"store_v3","XML_ID":"m6cpytlfju","DESIGNER_MODE":false},"nodes":{".landing-block-node-title":["\u041d\u0430\u0437\u0430\u0434"],"#wrapper":[{"src":"","src2x":"","id":null,"id2x":null,"alt":"","isLazy":"N"}]},"style":{".landing-block-node-title":{"classList":["landing-block-node-title text-left g-ma-0 g-font-size-17 g-font-weight-400 g-font-roboto d-block g-nowrap g-overflow-hidden g-text-overflow-ellipsis"]},"#wrapper":{"classList":["landing-block g-bg-white l-d-xs-none l-d-md-none"]}}},"390":{"code":"27.3.one_col_fix_title","old_id":390,"access":"X","anchor":"b390","meta":{"LID":"88","FAVORITE_META":[],"CREATED_BY_ID":"1","DATE_CREATE":{},"MODIFIED_BY_ID":"1","DATE_MODIFY":{},"SITE_TYPE":"STORE","LANDING_TITLE":"","LANDING_TPL_CODE":"store_v3\/catalog","SITE_TPL_CODE":"store_v3","XML_ID":"rfj2vhowve","DESIGNER_MODE":false},"nodes":{".landing-block-node-title":["#title#"],"#wrapper":[{"src":"","src2x":"","id":null,"id2x":null,"alt":"","isLazy":"N"}]},"style":{".landing-block-node-title":{"classList":["landing-block-node-title landing-semantic-title-medium g-my-0 container g-pl-0 g-pr-0 text-left g-font-size-30 g-font-weight-500"]},"#wrapper":{"classList":["landing-block text-center container g-pb-25 g-pt-0 l-d-xs-none l-d-md-none"]}}},"532":{"code":"store.catalog.detail_store_v3","old_id":532,"access":"X","anchor":"b532","meta":{"LID":"88","FAVORITE_META":[],"CREATED_BY_ID":"1","DATE_CREATE":{},"MODIFIED_BY_ID":"1","DATE_MODIFY":{},"SITE_TYPE":"STORE","LANDING_TITLE":"","LANDING_TPL_CODE":"store_v3\/catalog","SITE_TPL_CODE":"store_v3","XML_ID":"","DESIGNER_MODE":false},"nodes":{"bitrix:catalog.element":{"ELEMENT_ID":"","ALLOW_SEO_DATA":"Y","HIDE_NOT_AVAILABLE_OFFERS":"N","PRICE_CODE":["BASE"],"USE_PRICE_COUNT":"N","SHOW_PRICE_COUNT":1,"PRICE_VAT_INCLUDE":"Y","USE_PRODUCT_QUANTITY":"Y","SHOW_DISCOUNT_PERCENT":"Y","SHOW_OLD_PRICE":"Y","ADD_TO_BASKET_ACTION":["BUY"],"MESS_BTN_BUY":"","MESS_BTN_ADD_TO_BASKET":"","MESS_BTN_SUBSCRIBE":"","MESS_NOT_AVAILABLE":"","USE_ENHANCED_ECOMMERCE":"N","DATA_LAYER_NAME":"dataLayer","LABEL_PROP_POSITION":"top-left","DISCOUNT_PERCENT_POSITION":"bottom-right","PRODUCT_INFO_BLOCK_ORDER":["props","sku"]},".landing-block-node-title":[]},"style":{"#wrapper":{"classList":["landing-block container-fluid"]}}}}}