{"ID":"82","CODE":"podval","INITIATOR_APP_CODE":null,"RULE":null,"ACTIVE":"Y","DELETED":"N","PUBLIC":"N","SYS":"N","VIEWS":"0","TITLE":"\u041f\u043e\u0434\u0432\u0430\u043b","XML_ID":"\u041f\u043e\u0434\u0432\u0430\u043b|store_v3\/footer","DESCRIPTION":null,"TPL_ID":null,"TPL_CODE":"store_v3\/footer","SITE_ID":"10","SITEMAP":"N","FOLDER":"N","FOLDER_ID":"8","SEARCH_CONTENT":"\u041f\u043e\u0434\u0432\u0430\u043b","VERSION":"11","HISTORY_STEP":"8","CREATED_BY_ID":"1","MODIFIED_BY_ID":"1","DATE_CREATE":"26.07.2023 17:18:34","DATE_MODIFY":"27.07.2023 10:35:23","DATE_PUBLIC":"26.07.2023 18:30:02","ADDITIONAL_FIELDS":[],"TEMPLATE_REF":[],"BLOCKS":{"372":{"code":"55.1.list_of_links","old_id":372,"access":"X","anchor":"b372","meta":{"LID":"82","FAVORITE_META":[],"CREATED_BY_ID":"1","DATE_CREATE":{},"MODIFIED_BY_ID":"1","DATE_MODIFY":{},"SITE_TYPE":"STORE","LANDING_TITLE":"","LANDING_TPL_CODE":"store_v3\/footer","SITE_TPL_CODE":"store_v3","XML_ID":"pwh82jvhvj","DESIGNER_MODE":false},"cards":{".landing-block-node-list-item":{"source":[{"value":0,"type":"card"},{"value":0,"type":"card"}]}},"nodes":{".landing-block-node-link":[{"href":"#landing@landing[store_v3\/contacts]","target":"_self","attrs":{"data-embed":null,"data-url":null}},{"href":"#landing@landing[store_v3\/payinfo]","target":"_self","attrs":{"data-embed":null,"data-url":null}}],".landing-block-node-link-text":["\u041a\u043e\u043d\u0442\u0430\u043a\u0442\u044b","\u0414\u043e\u0441\u0442\u0430\u0432\u043a\u0430 \u0438 \u043e\u043f\u043b\u0430\u0442\u0430"],"#wrapper":[{"src":"","src2x":"","id":null,"id2x":null,"alt":"","isLazy":"N"}]},"style":{".landing-block-node-list-container":{"classList":["landing-block-node-list-container row no-gutters justify-content-center"]},".landing-block-node-list-item":{"classList":["landing-block-node-list-item g-brd-bottom g-brd-1 g-py-12 js-animation animation-none landing-card g-brd-white-opacity-0_2 g-pt-12 g-pb-12","landing-block-node-list-item g-brd-bottom g-brd-1 g-py-12 js-animation animation-none landing-card g-brd-white-opacity-0_2 g-pt-12 g-pb-12 g-brd-bottom--last-child"]},".landing-block-node-link":{"classList":["landing-block-node-link row no-gutters justify-content-between align-items-center g-text-decoration-none--hover g-font-size-16 g-color-white-opacity-0_6 g-color-gray-light-v1--hover","landing-block-node-link row no-gutters justify-content-between align-items-center g-text-decoration-none--hover g-font-size-16 g-color-white-opacity-0_6 g-color-gray-light-v1--hover"]},".landing-block-node-link-icon-container":{"classList":["landing-block-node-link-icon-container d-block g-valign-middle g-mr-5 g-font-size-15 g-opacity-0_7","landing-block-node-link-icon-container d-block g-valign-middle g-mr-5 g-font-size-15 g-opacity-0_7"]},"#wrapper":{"classList":["landing-block g-pt-20 g-pb-10 g-pl-15 g-pr-15 u-block-border-none g-bg-black l-d-lg-none l-d-md-none"]}}},"374":{"code":"60.2.openlines_buttons_circle","old_id":374,"access":"X","anchor":"b374","meta":{"LID":"82","FAVORITE_META":[],"CREATED_BY_ID":"1","DATE_CREATE":{},"MODIFIED_BY_ID":"1","DATE_MODIFY":{},"SITE_TYPE":"STORE","LANDING_TITLE":"","LANDING_TPL_CODE":"store_v3\/footer","SITE_TPL_CODE":"store_v3","XML_ID":"p5xod73ql4","DESIGNER_MODE":false},"nodes":{"bitrix:landing.blocks.openlines":{"BUTTON_ID":2},".landing-block-node-title":[],"#wrapper":[{"src":"","src2x":"","id":null,"id2x":null,"alt":"","isLazy":"N"}]},"style":{".landing-block-node-container":{"classList":["landing-block-node-container g-flex-centered container"]},"#wrapper":{"classList":["landing-block g-pt-10 g-pb-10 g-bg-black l-d-lg-none l-d-md-none"]}}},"376":{"code":"13.1.one_col_fix_text_and_button","old_id":376,"access":"X","anchor":"b376","meta":{"LID":"82","FAVORITE_META":[],"CREATED_BY_ID":"1","DATE_CREATE":{},"MODIFIED_BY_ID":"1","DATE_MODIFY":{},"SITE_TYPE":"STORE","LANDING_TITLE":"","LANDING_TPL_CODE":"store_v3\/footer","SITE_TPL_CODE":"store_v3","XML_ID":"6wcdjbwlpm","DESIGNER_MODE":false},"nodes":{".landing-block-node-text":["e-mail"],".landing-block-node-button":[{"href":"mailto:skipass2020@mail.ru","target":"_blank","attrs":{"data-embed":null,"data-url":null},"text":"skipass2020@mail.ru"}],"#wrapper":[{"src":"","src2x":"","id":null,"id2x":null,"alt":"","isLazy":"N"}]},"style":{".landing-block-node-text":{"classList":["landing-block-node-text landing-semantic-text-medium g-color-white-opacity-0_6 g-mb-10"]},".landing-block-node-button":{"classList":["landing-block-node-button landing-semantic-link-image-medium btn text-uppercase g-btn-size-md g-btn-px-m g-rounded-50 g-btn-type-outline g-btn-gray g-color-white"]},".landing-block-node-button-container":{"classList":["landing-block-node-button-container"]},".landing-block-node-container":{"classList":["landing-block-node-container container g-max-width-container"]},"#wrapper":{"classList":["landing-block text-center g-pt-20 g-pb-40 g-bg-black l-d-lg-none l-d-md-none"]}}},"572":{"code":"60.2.openlines_buttons_circle","old_id":572,"access":"X","anchor":"b572","meta":{"LID":"82","FAVORITE_META":[],"CREATED_BY_ID":"1","DATE_CREATE":{},"MODIFIED_BY_ID":"1","DATE_MODIFY":{},"SITE_TYPE":"STORE","LANDING_TITLE":"","LANDING_TPL_CODE":"store_v3\/footer","SITE_TPL_CODE":"store_v3","XML_ID":"","DESIGNER_MODE":false},"nodes":{"bitrix:landing.blocks.openlines":{"BUTTON_ID":2},".landing-block-node-title":[],"#wrapper":[{"src":"","src2x":"","id":null,"id2x":null,"alt":"","isLazy":"N"}]},"style":{".landing-block-node-container":{"classList":["landing-block-node-container g-flex-centered container"]},"#wrapper":{"classList":["landing-block g-pt-30 g-pb-30 u-block-border-none"]}}},"568":{"code":"17.copyright","old_id":568,"access":"X","anchor":"b568","meta":{"LID":"82","FAVORITE_META":[],"CREATED_BY_ID":"1","DATE_CREATE":{},"MODIFIED_BY_ID":"1","DATE_MODIFY":{},"SITE_TYPE":"STORE","LANDING_TITLE":"","LANDING_TPL_CODE":"store_v3\/footer","SITE_TPL_CODE":"store_v3","XML_ID":"","DESIGNER_MODE":false},"nodes":{".landing-block-node-text":["\r\n\t\t\t\t\u003Cp\u003E\u00a9 2022 All rights reserved.\u003C\/p\u003E\r\n\t\t\t"],"#wrapper":[{"src":"","src2x":"","id":null,"id2x":null,"alt":"","isLazy":"N"}]},"style":{".landing-block-node-text":{"classList":["landing-block-node-text landing-semantic-text-medium js-animation animation-none"]},"#wrapper":{"classList":["landing-block js-animation animation-none g-pt-30 g-pb-15"]}}}}}